Time,zone1T,zone1RH,zone2T,zone2RH,zone3T,zone3RH,zone4T,zone4RH
00:00,73,52,78,46,70,57,70,53
00:01,71,51,78,45,69,56,72,51
00:02,73,53,78,46,68,57,70,52
00:03,71,53,76,47,70,55,71,54
00:04,72,51,76,48,70,54,73,51
00:05,71,51,78,46,70,54,73,54
00:06,72,52,78,48,69,56,72,51
00:07,73,54,75,47,70,56,70,54
00:08,71,52,77,46,69,54,71,51
00:09,70,54,78,47,69,56,71,54
00:10,73,53,76,45,71,56,73,52
00:11,73,52,76,45,71,57,73,51
00:12,73,52,76,46,70,56,71,51
00:13,71,54,75,45,70,55,72,51
00:14,72,53,75,48,70,57,73,52
00:15,73,52,78,48,71,55,71,52
00:16,70,52,76,46,69,56,70,52
00:17,70,54,77,46,70,54,72,51
00:18,72,53,78,48,69,57,73,52
00:19,72,51,76,48,69,54,73,54
00:20,71,52,78,48,69,57,73,52
00:21,72,52,78,48,71,57,70,54
00:22,72,52,75,46,68,56,71,53
00:23,70,54,77,48,68,57,70,51
00:24,70,51,77,45,71,57,73,51
00:25,70,53,75,45,71,54,72,54
00:26,70,53,75,46,68,54,71,54
00:27,72,51,77,47,71,56,73,54
00:28,71,53,78,45,68,57,73,52
00:29,73,51,75,48,69,56,72,52
00:30,73,51,75,48,70,54,72,52
00:31,71,53,77,48,70,56,72,53
00:32,72,52,75,48,68,56,72,52
00:33,73,54,78,45,71,56,73,52
00:34,73,54,76,47,69,57,71,52
00:35,71,53,75,46,70,55,73,54
00:36,73,51,78,45,69,57,70,51
00:37,73,54,77,48,68,56,73,51
00:38,73,52,77,45,70,57,71,54
00:39,71,51,77,48,70,57,73,53
00:40,71,52,78,48,69,56,72,54
00:41,71,54,78,48,69,54,73,51
00:42,72,52,77,48,70,54,70,54
00:43,73,51,75,48,68,56,70,54
00:44,73,52,75,45,69,56,71,53
00:45,72,54,78,45,71,57,73,54
00:46,73,52,77,46,68,54,72,54
00:47,73,54,76,48,68,57,72,52
00:48,73,54,78,45,71,54,70,52
00:49,70,54,75,47,71,56,71,53
00:50,72,54,76,45,68,55,71,51
00:51,71,52,77,46,70,55,72,52
00:52,70,52,75,48,70,57,72,52
00:53,70,53,77,46,70,56,71,54
00:54,73,51,75,45,69,55,72,54
00:55,72,54,76,48,70,57,70,54
00:56,71,53,76,47,69,57,71,54
00:57,71,53,77,46,68,56,70,54
00:58,70,53,75,47,69,56,72,51
00:59,73,54,76,48,69,54,72,54
01:00,70,53,78,47,69,54,71,52
01:01,71,53,76,45,70,55,72,54
01:02,71,52,75,46,71,54,70,52
01:03,73,53,76,45,69,57,72,51
01:04,71,54,77,45,68,56,72,52
01:05,71,51,77,45,68,54,70,54
01:06,73,51,75,45,69,54,72,52
01:07,71,51,78,45,70,55,72,52
01:08,73,51,77,47,70,55,72,51
01:09,71,54,75,47,68,57,70,52
01:10,72,54,75,45,68,57,71,51
01:11,73,53,76,47,69,57,71,52
01:12,73,53,78,46,68,57,70,53
01:13,71,53,78,48,68,54,70,53
01:14,71,53,78,45,70,54,70,52
01:15,72,51,77,46,68,55,71,53
01:16,73,53,77,48,69,54,71,52
01:17,72,52,76,48,71,55,71,51
01:18,71,53,78,47,71,54,70,54
01:19,72,52,75,45,71,56,72,51
01:20,73,52,76,45,70,54,71,54
01:21,70,52,78,45,69,54,72,52
01:22,72,53,76,48,70,54,70,52
01:23,72,54,77,48,69,57,73,53
01:24,70,52,75,46,70,55,70,52
01:25,72,51,76,48,70,56,73,51
01:26,73,54,76,46,69,56,71,54
01:27,71,53,77,48,70,56,70,51
01:28,71,53,75,45,69,55,71,51
01:29,73,54,75,48,70,56,73,51
01:30,70,52,77,46,70,55,73,51
01:31,70,54,77,46,70,54,72,54
01:32,70,51,75,45,70,57,70,54
01:33,70,52,75,47,70,56,71,53
01:34,73,54,75,47,71,55,71,52
01:35,71,54,76,46,68,56,70,54
01:36,73,51,76,46,71,54,73,52
01:37,71,52,77,46,71,56,72,51
01:38,73,53,76,46,69,54,72,53
01:39,70,51,77,48,68,55,71,53
01:40,70,51,78,45,69,54,70,52
01:41,70,54,78,47,71,56,70,51
01:42,72,53,75,47,69,54,70,51
01:43,72,51,78,47,70,55,71,53
01:44,70,52,75,46,71,57,73,53
01:45,73,53,78,46,68,56,73,54
01:46,70,54,75,47,68,54,72,52
01:47,70,54,77,45,70,55,72,54
01:48,70,53,75,45,68,57,70,54
01:49,71,52,76,45,69,57,72,54
01:50,73,52,75,48,69,56,71,53
01:51,73,51,77,45,70,54,71,54
01:52,72,51,78,47,69,54,72,53
01:53,72,54,75,48,71,57,70,52
01:54,72,52,78,47,70,56,71,54
01:55,72,54,76,48,68,55,70,54
01:56,73,53,76,45,71,54,72,54
01:57,71,51,76,48,70,56,71,52
01:58,72,52,77,48,68,55,70,53
01:59,71,51,78,47,71,57,70,54
02:00,73,54,77,47,68,56,70,51
02:01,73,51,78,45,69,57,72,52
02:02,70,51,76,45,69,54,72,53
02:03,70,54,77,47,69,54,73,53
02:04,71,53,77,47,68,54,72,52
02:05,71,52,75,48,71,54,72,52
02:06,71,52,77,47,68,55,70,51
02:07,70,53,78,45,70,54,70,52
02:08,71,52,78,48,68,56,72,53
02:09,71,54,78,46,68,56,70,54
02:10,73,53,75,45,68,56,72,51
02:11,71,53,75,47,69,56,72,51
02:12,71,51,78,47,70,54,73,54
02:13,71,52,77,48,70,55,70,51
02:14,71,53,77,47,71,55,73,54
02:15,70,54,75,48,70,57,71,51
02:16,72,54,76,47,68,55,73,52
02:17,73,53,75,45,71,54,71,54
02:18,72,54,75,48,69,54,73,54
02:19,71,54,77,48,71,54,70,53
02:20,72,51,77,46,69,55,73,52
02:21,71,51,78,47,69,57,70,52
02:22,70,52,77,45,70,54,73,53
02:23,70,53,77,46,70,56,70,51
02:24,70,53,77,46,69,55,73,52
02:25,73,52,77,48,69,54,71,52
02:26,70,52,78,48,71,55,73,53
02:27,71,52,75,48,70,56,72,51
02:28,73,54,77,45,70,55,71,54
02:29,70,52,77,46,70,55,70,54
02:30,71,52,75,47,68,55,72,51
02:31,70,52,77,47,70,55,70,53
02:32,73,53,78,47,69,56,73,51
02:33,71,53,77,45,71,54,70,52
02:34,71,54,75,45,68,57,73,51
02:35,72,51,76,48,68,56,70,53
02:36,73,52,76,46,69,54,71,52
02:37,73,52,75,47,71,56,73,52
02:38,73,51,76,47,71,54,72,52
02:39,72,51,75,46,68,56,72,53
02:40,70,53,76,48,70,56,71,53
02:41,72,52,75,45,71,55,73,53
02:42,70,52,76,46,68,57,72,51
02:43,72,53,78,45,71,57,73,54
02:44,70,52,76,48,69,56,70,52
02:45,72,53,78,47,68,56,71,51
02:46,72,51,75,45,68,56,72,53
02:47,70,54,76,45,70,54,72,54
02:48,70,52,77,48,69,56,71,54
02:49,72,51,78,48,68,56,73,51
02:50,70,51,78,46,69,54,70,53
02:51,72,51,75,46,71,55,72,54
02:52,72,54,77,48,71,54,72,51
02:53,70,52,76,48,70,57,71,52
02:54,73,53,77,45,69,57,71,54
02:55,71,53,76,46,71,56,73,54
02:56,71,52,76,47,69,55,72,51
02:57,73,51,76,45,68,57,71,54
02:58,71,54,75,48,69,55,72,54
02:59,73,53,76,46,68,57,70,54
03:00,73,52,76,47,68,54,72,52
03:01,70,52,78,47,71,57,71,51
03:02,72,53,75,45,70,55,70,54
03:03,72,53,76,45,68,55,73,54
03:04,72,53,75,45,70,56,70,53
03:05,72,51,75,47,69,56,70,51
03:06,73,52,75,48,70,55,72,54
03:07,72,51,76,45,70,56,71,51
03:08,73,54,75,46,68,54,72,54
03:09,72,52,78,48,70,55,71,54
03:10,70,52,78,47,68,55,70,51
03:11,72,53,77,46,71,55,72,52
03:12,71,54,77,45,68,55,71,53
03:13,71,53,77,47,68,55,73,53
03:14,72,52,78,48,70,55,72,54
03:15,73,52,76,47,71,56,71,51
03:16,71,53,76,45,69,55,73,51
03:17,70,51,78,46,71,57,70,53
03:18,73,54,77,47,69,56,73,53
03:19,73,52,78,48,69,57,71,53
03:20,73,51,78,45,71,54,71,54
03:21,73,52,77,45,69,55,70,54
03:22,71,54,77,45,70,54,71,53
03:23,72,53,75,46,70,56,73,52
03:24,70,53,78,48,71,55,70,53
03:25,70,51,77,47,68,54,70,52
03:26,73,52,75,45,71,57,73,52
03:27,73,51,75,48,70,55,70,52
03:28,71,51,75,45,68,57,71,54
03:29,72,54,77,46,71,57,70,53
03:30,72,51,78,45,71,55,70,53
03:31,73,52,77,47,70,54,71,52
03:32,70,51,75,47,71,55,72,54
03:33,71,54,76,45,68,55,70,53
03:34,71,54,77,48,70,56,70,54
03:35,72,51,78,48,70,55,73,54
03:36,73,53,77,47,69,56,72,53
03:37,72,52,76,48,70,56,73,53
03:38,71,52,76,48,68,54,73,54
03:39,73,53,77,46,71,54,71,51
03:40,70,54,78,46,70,56,71,51
03:41,71,51,75,46,69,55,71,51
03:42,72,51,77,48,68,55,71,51
03:43,72,54,76,47,71,57,72,51
03:44,70,52,76,48,70,56,71,52
03:45,73,54,75,45,68,54,70,52
03:46,73,52,77,45,70,55,70,54
03:47,73,51,77,46,69,54,73,54
03:48,70,53,75,45,68,56,71,52
03:49,70,54,78,48,71,56,73,52
03:50,73,54,75,45,70,55,71,52
03:51,70,52,78,45,71,56,71,51
03:52,72,53,77,46,71,54,73,53
03:53,71,54,76,47,70,55,73,52
03:54,70,51,75,45,69,55,71,51
03:55,72,51,75,48,71,56,71,53
03:56,70,51,78,48,70,55,71,54
03:57,72,51,78,46,71,57,72,51
03:58,70,53,75,47,70,54,73,53
03:59,70,54,78,46,70,54,72,51
04:00,72,53,75,45,68,57,70,53
04:01,72,52,75,46,71,56,73,52
04:02,72,51,75,48,70,54,71,52
04:03,71,51,76,46,70,54,73,53
04:04,71,53,76,45,70,54,70,53
04:05,70,54,77,45,71,57,70,52
04:06,70,52,75,46,70,56,71,53
04:07,72,53,77,48,69,54,73,54
04:08,71,52,75,45,70,56,70,52
04:09,72,51,78,45,69,54,72,52
04:10,73,51,77,48,71,55,73,54
04:11,71,54,78,47,69,54,72,52
04:12,72,54,75,47,70,56,70,51
04:13,73,52,76,45,70,56,72,54
04:14,70,54,76,47,71,57,71,52
04:15,72,51,75,48,68,54,73,53
04:16,73,51,77,46,68,54,73,54
04:17,73,54,78,47,68,54,70,52
04:18,70,53,76,46,70,54,72,51
04:19,71,54,77,47,70,57,70,52
04:20,71,52,75,48,70,54,70,52
04:21,73,52,77,46,69,56,72,53
04:22,73,51,78,46,68,57,71,54
04:23,71,53,78,48,70,57,70,54
04:24,72,53,77,46,70,56,73,53
04:25,72,53,76,47,69,55,72,54
04:26,71,52,77,45,70,54,72,53
04:27,71,52,77,48,68,54,72,54
04:28,70,53,76,47,70,55,70,53
04:29,71,54,78,47,69,55,72,52
04:30,72,51,77,45,69,56,72,52
04:31,73,53,78,46,70,54,71,52
04:32,72,52,76,46,68,54,72,53
04:33,70,54,75,48,71,57,70,51
04:34,71,54,76,45,71,57,71,51
04:35,70,54,76,47,69,56,71,52
04:36,72,52,75,47,71,56,73,52
04:37,73,51,78,45,69,55,71,51
04:38,71,51,76,45,71,55,73,54
04:39,70,52,77,48,68,54,73,52
04:40,72,53,76,46,71,56,71,51
04:41,71,53,78,48,70,54,71,53
04:42,71,54,78,48,69,57,73,53
04:43,72,53,77,45,70,56,72,53
04:44,72,53,76,47,68,54,70,53
04:45,73,52,76,48,71,57,73,51
04:46,71,53,78,47,68,55,72,54
04:47,71,54,76,46,68,56,71,53
04:48,70,51,76,46,69,56,72,54
04:49,71,52,77,47,68,54,73,54
04:50,70,54,77,48,68,55,70,51
04:51,71,54,75,45,71,57,70,51
04:52,73,53,76,47,69,57,70,51
04:53,71,53,78,45,71,56,72,54
04:54,72,52,76,48,71,56,71,52
04:55,72,54,77,47,71,54,72,54
04:56,71,54,77,46,70,55,71,54
04:57,71,54,75,46,68,54,73,52
04:58,72,53,75,46,71,56,72,52
04:59,72,54,76,48,69,54,73,53
05:00,72,53,76,46,71,55,73,51
05:01,71,52,75,46,71,54,72,52
05:02,72,53,76,47,70,57,73,51
05:03,73,53,75,45,69,56,73,53
05:04,73,51,76,45,70,54,70,53
05:05,70,52,78,45,68,54,71,51
05:06,72,51,76,48,69,54,70,51
05:07,71,52,78,48,69,54,71,54
05:08,73,51,75,45,69,56,71,54
05:09,72,52,77,46,71,54,71,54
05:10,72,51,78,46,69,54,70,51
05:11,71,52,78,48,69,54,70,52
05:12,73,53,77,48,69,54,71,52
05:13,73,51,76,46,68,54,72,52
05:14,70,52,75,46,68,57,72,53
05:15,70,51,78,46,71,56,70,51
05:16,72,54,78,48,71,55,73,51
05:17,72,51,75,46,68,55,72,53
05:18,72,53,75,46,70,54,72,52
05:19,71,52,78,47,71,55,72,51
05:20,73,54,77,46,68,57,71,54
05:21,70,54,76,46,71,55,73,54
05:22,72,52,75,46,71,55,73,51
05:23,73,53,76,46,68,57,70,51
05:24,70,54,76,45,69,57,72,52
05:25,72,52,75,47,69,55,71,52
05:26,73,54,76,47,70,56,73,53
05:27,72,54,76,45,68,57,71,51
05:28,71,54,76,45,69,57,72,51
05:29,73,54,77,48,68,56,72,51
05:30,70,52,78,46,70,55,73,51
05:31,70,53,75,45,69,56,72,52
05:32,71,53,76,47,70,54,73,54
05:33,72,54,75,46,71,55,70,51
05:34,70,54,76,46,69,56,72,52
05:35,71,52,78,45,68,57,71,51
05:36,71,53,77,48,70,57,72,53
05:37,71,51,77,48,71,56,71,51
05:38,73,52,76,48,68,56,71,54
05:39,73,54,75,45,71,55,70,52
05:40,73,51,75,47,68,56,70,51
05:41,72,52,77,45,71,54,70,52
05:42,70,54,76,46,71,56,70,53
05:43,71,53,75,48,68,54,73,52
05:44,73,51,75,45,71,54,73,54
05:45,73,52,76,47,69,57,70,54
05:46,71,54,78,46,71,54,73,53
05:47,73,52,76,45,70,55,71,51
05:48,70,51,75,48,71,54,70,52
05:49,73,53,75,47,69,56,72,54
05:50,73,52,76,47,68,54,73,54
05:51,73,54,78,46,70,57,70,51
05:52,72,54,78,47,68,54,73,53
05:53,73,52,75,46,70,55,73,52
05:54,72,52,76,47,70,54,70,53
05:55,72,53,75,48,71,57,73,52
05:56,70,53,75,48,68,56,73,51
05:57,70,52,78,45,69,55,73,52
05:58,72,54,76,47,68,56,72,54
05:59,73,50,78,46,70,51,73,50
06:00,74,48,79,44,73,52,74,48
06:01,75,48,80,44,75,51,75,48
06:02,77,49,80,43,78,52,77,49
06:03,80,49,79,43,76,51,80,49
06:04,80,49,80,46,77,51,79,47
06:05,78,47,81,43,77,53,80,47
06:06,78,49,82,45,76,52,81,48
06:07,80,47,81,46,76,51,78,48
06:08,82,47,82,43,78,51,80,47
06:09,82,47,79,46,77,52,80,48
06:10,78,47,82,45,76,51,81,48
06:11,80,48,79,45,76,53,82,48
06:12,82,48,79,42,76,52,82,49
06:13,80,47,81,42,76,51,80,49
06:14,78,48,82,42,77,51,78,47
06:15,82,49,79,46,78,53,80,47
06:16,82,48,80,46,76,52,81,47
06:17,80,48,81,45,78,52,81,49
06:18,80,48,79,44,78,53,78,48
06:19,80,48,79,46,76,53,79,49
06:20,80,49,81,45,76,52,79,49
06:21,81,49,81,44,77,51,79,49
06:22,80,47,81,46,78,52,78,49
06:23,82,48,82,42,76,51,78,49
06:24,78,48,80,45,76,53,81,47
06:25,78,48,82,43,77,52,81,48
06:26,81,48,81,42,78,52,82,49
06:27,81,47,81,45,78,52,80,48
06:28,78,49,80,43,76,52,82,49
06:29,79,47,82,45,78,52,80,49
06:30,81,49,80,46,76,53,78,49
06:31,81,49,79,43,78,53,79,49
06:32,82,49,79,46,76,53,81,47
06:33,82,49,80,43,78,51,78,49
06:34,80,47,81,46,78,53,80,48
06:35,78,48,80,46,77,53,82,49
06:36,80,47,82,45,76,53,82,49
06:37,82,49,81,46,76,53,78,47
06:38,81,47,80,45,78,51,80,49
06:39,78,47,82,45,77,51,79,47
06:40,82,48,81,45,77,52,81,49
06:41,78,48,81,45,76,51,80,48
06:42,78,47,81,44,76,51,80,49
06:43,81,49,80,42,77,51,80,47
06:44,80,49,81,46,78,52,78,48
06:45,80,47,81,43,77,52,82,49
06:46,80,47,80,44,78,51,81,48
06:47,81,49,82,42,77,53,78,48
06:48,78,49,82,46,76,51,81,49
06:49,82,47,79,44,78,52,82,49
06:50,81,48,79,44,77,51,81,49
06:51,79,49,80,45,76,52,79,47
06:52,78,49,82,45,76,52,81,47
06:53,82,48,81,42,77,53,78,47
06:54,82,49,82,44,78,52,79,48
06:55,78,47,82,45,78,53,78,49
06:56,80,47,79,45,78,51,79,49
06:57,81,47,81,42,78,53,81,48
06:58,82,49,79,45,76,52,80,48
06:59,81,48,79,42,77,53,79,47
07:00,82,48,79,43,77,51,82,48
07:01,81,49,79,43,76,51,78,48
07:02,82,47,81,45,76,53,80,49
07:03,80,48,80,42,77,51,79,49
07:04,82,47,80,42,77,53,79,49
07:05,82,49,80,44,77,53,80,49
07:06,80,48,80,42,77,53,80,48
07:07,79,49,79,46,77,53,80,49
07:08,79,47,80,43,76,53,78,47
07:09,82,48,81,44,78,52,79,47
07:10,79,47,80,42,78,53,81,47
07:11,79,48,81,46,78,51,78,48
07:12,82,49,82,44,77,51,80,48
07:13,78,48,82,45,78,53,81,49
07:14,81,47,81,45,76,52,82,47
07:15,81,47,79,42,77,51,78,49
07:16,79,49,82,43,76,52,79,48
07:17,80,49,79,44,76,53,78,49
07:18,81,48,81,44,77,52,79,47
07:19,82,47,81,42,77,51,81,49
07:20,79,49,82,43,78,53,82,48
07:21,80,47,82,46,78,52,82,49
07:22,79,47,81,46,78,52,78,49
07:23,78,48,82,44,78,51,79,49
07:24,81,48,79,43,77,51,78,49
07:25,79,49,81,45,76,53,82,48
07:26,80,48,82,45,77,52,79,48
07:27,80,49,81,44,76,53,80,49
07:28,82,47,79,44,77,52,82,49
07:29,82,47,81,43,78,51,80,49
07:30,79,49,79,42,77,51,81,47
07:31,79,49,82,43,76,52,78,47
07:32,80,49,80,42,77,53,79,49
07:33,80,49,79,46,78,51,79,47
07:34,78,48,82,45,78,51,78,48
07:35,79,48,79,45,78,52,81,49
07:36,78,48,81,46,76,51,80,48
07:37,81,47,80,46,76,53,80,48
07:38,78,49,80,46,78,52,82,48
07:39,79,49,81,44,78,53,80,47
07:40,78,49,82,43,78,51,79,49
07:41,78,48,82,45,77,51,81,48
07:42,79,48,82,42,78,53,82,48
07:43,80,48,79,45,77,53,78,49
07:44,78,47,82,43,77,53,82,47
07:45,78,49,82,42,78,51,80,47
07:46,81,49,79,45,76,52,79,47
07:47,80,47,80,46,78,53,81,48
07:48,80,48,80,42,77,51,81,47
07:49,80,47,82,46,76,52,82,48
07:50,78,47,79,46,77,51,79,48
07:51,79,47,79,46,77,51,81,47
07:52,81,47,80,45,78,52,80,47
07:53,79,47,80,43,76,52,81,49
07:54,81,47,82,42,77,51,82,47
07:55,81,47,81,42,76,51,81,48
07:56,81,47,82,44,76,51,80,49
07:57,80,47,82,43,78,51,78,47
07:58,80,47,80,45,78,52,82,49
07:59,79,49,81,43,76,51,81,48
08:00,79,49,81,44,78,52,80,47
08:01,81,47,82,42,77,51,82,48
08:02,82,49,82,45,78,51,79,47
08:03,78,48,80,43,77,53,82,47
08:04,80,47,80,43,78,53,82,49
08:05,79,49,82,46,78,51,78,49
08:06,78,49,81,42,78,53,81,48
08:07,78,47,79,42,77,51,79,48
08:08,79,48,79,43,77,51,82,47
08:09,81,47,81,43,78,53,81,49
08:10,81,49,81,43,76,53,78,48
08:11,81,49,80,45,77,53,78,48
08:12,81,47,80,45,76,53,81,48
08:13,81,47,82,44,78,53,81,49
08:14,78,47,81,42,77,52,80,49
08:15,82,49,79,44,76,52,78,48
08:16,78,47,79,43,76,51,80,48
08:17,81,47,82,42,76,52,79,48
08:18,78,47,79,43,77,51,81,48
08:19,78,47,82,45,77,52,80,47
08:20,81,48,79,46,77,51,82,48
08:21,78,48,81,42,78,51,79,48
08:22,78,48,81,45,78,52,81,47
08:23,81,48,80,46,77,52,81,48
08:24,81,48,82,46,77,53,78,49
08:25,79,47,80,43,76,52,82,48
08:26,78,47,79,42,76,53,82,48
08:27,79,48,80,45,78,51,80,49
08:28,78,48,80,46,78,53,81,47
08:29,79,48,79,44,78,53,80,48
08:30,81,48,81,45,78,53,80,48
08:31,80,47,80,43,77,53,81,49
08:32,78,49,82,45,76,51,78,48
08:33,80,48,79,45,76,53,81,47
08:34,82,47,82,45,77,51,79,47
08:35,78,49,82,42,76,52,80,47
08:36,78,48,80,46,78,53,82,49
08:37,79,48,79,46,76,51,79,49
08:38,81,48,79,44,76,53,79,49
08:39,82,48,81,44,76,53,82,48
08:40,81,48,80,43,76,51,78,48
08:41,82,47,79,44,76,51,82,48
08:42,82,47,82,43,78,53,79,49
08:43,81,49,82,45,78,51,80,49
08:44,79,48,82,45,77,53,79,47
08:45,79,47,80,43,78,53,80,49
08:46,79,49,81,44,78,53,79,48
08:47,78,49,82,44,77,52,78,49
08:48,82,49,82,45,76,51,80,49
08:49,80,47,79,44,77,51,78,47
08:50,78,48,80,43,76,53,80,49
08:51,78,47,80,45,78,53,78,47
08:52,79,48,79,43,77,52,79,47
08:53,78,49,82,43,77,52,79,47
08:54,78,48,79,42,76,53,80,49
08:55,79,49,81,46,77,52,81,48
08:56,80,49,80,46,78,51,78,48
08:57,82,49,79,45,76,51,82,49
08:58,81,47,81,43,77,51,80,48
08:59,80,47,79,46,78,52,81,48
09:00,78,48,82,42,77,51,82,47
09:01,82,47,80,42,77,53,81,47
09:02,80,47,82,44,78,53,81,47
09:03,82,47,82,43,77,52,79,48
09:04,78,47,82,45,77,53,79,48
09:05,82,49,82,45,77,53,79,49
09:06,78,47,81,44,77,52,82,48
09:07,81,47,82,42,77,53,81,48
09:08,79,48,80,45,76,53,78,49
09:09,79,47,82,44,78,51,80,49
09:10,79,48,82,43,78,52,79,47
09:11,78,47,79,46,78,51,80,47
09:12,80,49,81,46,77,51,82,47
09:13,80,47,80,46,78,52,80,47
09:14,81,47,79,46,77,52,78,48
09:15,78,49,82,45,77,52,81,47
09:16,82,49,81,45,77,52,82,47
09:17,80,49,82,42,76,52,82,47
09:18,81,47,81,42,77,52,78,47
09:19,78,49,79,45,76,51,78,49
09:20,79,49,80,42,78,53,80,47
09:21,80,47,81,42,77,52,79,49
09:22,79,47,80,43,77,53,82,47
09:23,79,49,82,45,76,52,78,48
09:24,81,48,82,43,77,51,81,49
09:25,79,47,82,45,77,53,81,47
09:26,82,49,82,46,78,52,82,49
09:27,82,47,81,42,78,52,80,49
09:28,82,47,80,46,76,52,79,47
09:29,78,47,80,46,78,52,78,47
09:30,78,48,82,43,78,53,82,49
09:31,81,48,82,46,76,53,79,49
09:32,82,47,80,45,78,51,82,47
09:33,81,47,82,44,76,53,81,49
09:34,79,48,79,44,77,51,81,47
09:35,82,48,82,43,76,51,79,48
09:36,82,49,82,44,76,52,78,48
09:37,80,48,80,43,77,51,80,49
09:38,78,48,80,44,77,51,79,47
09:39,82,47,81,44,76,52,80,49
09:40,79,49,81,42,76,53,80,49
09:41,80,49,79,42,78,52,79,49
09:42,80,48,81,45,78,51,79,48
09:43,80,48,80,45,76,51,78,49
09:44,78,49,82,46,77,53,82,48
09:45,80,49,79,44,77,52,81,47
09:46,82,47,79,45,78,51,79,48
09:47,82,48,80,42,78,51,80,47
09:48,80,49,79,44,78,52,80,48
09:49,80,48,79,44,78,53,78,47
09:50,80,48,79,43,78,53,79,47
09:51,82,49,79,43,78,53,79,48
09:52,82,49,82,45,78,51,82,47
09:53,79,48,79,42,78,53,80,47
09:54,78,47,79,46,77,51,82,49
09:55,82,48,80,43,77,51,78,49
09:56,79,47,79,45,77,53,78,49
09:57,82,47,81,42,78,52,79,49
09:58,79,48,79,45,78,53,82,49
09:59,81,48,82,46,78,53,82,49
10:00,79,47,82,45,77,53,80,49
10:01,82,49,81,46,78,51,81,47
10:02,79,48,82,44,77,52,79,49
10:03,80,49,80,45,77,51,81,47
10:04,80,47,80,45,77,51,81,48
10:05,80,49,80,42,78,51,81,47
10:06,78,48,80,43,77,51,80,47
10:07,80,47,82,45,77,52,79,47
10:08,80,49,81,46,76,53,80,47
10:09,82,48,82,46,76,53,78,49
10:10,79,48,80,46,77,51,82,49
10:11,78,49,79,44,78,51,82,48
10:12,82,47,80,45,76,52,82,49
10:13,78,49,79,44,76,52,82,48
10:14,80,49,80,45,76,53,82,47
10:15,79,48,82,42,76,51,82,47
10:16,79,47,80,43,76,53,80,47
10:17,78,47,82,46,76,51,78,49
10:18,79,47,82,42,76,51,79,48
10:19,80,48,80,46,78,52,82,47
10:20,79,49,79,44,77,52,82,47
10:21,79,49,79,43,77,51,80,48
10:22,78,47,81,46,78,51,81,47
10:23,78,49,82,45,76,52,78,47
10:24,79,48,80,44,77,51,81,47
10:25,78,48,82,42,77,52,82,47
10:26,82,48,82,42,78,51,78,48
10:27,80,48,81,45,77,52,78,49
10:28,81,49,81,44,78,51,80,48
10:29,80,49,81,46,77,51,82,49
10:30,79,48,81,44,77,52,78,47
10:31,80,47,81,44,78,51,80,49
10:32,78,48,81,45,76,52,82,47
10:33,82,48,80,43,78,52,79,49
10:34,78,49,82,45,77,52,79,48
10:35,78,47,82,43,76,51,80,48
10:36,80,48,82,46,77,52,81,49
10:37,79,49,82,45,78,53,81,49
10:38,82,47,79,45,77,51,82,48
10:39,82,48,79,45,78,51,78,47
10:40,78,47,82,44,76,53,82,49
10:41,79,47,80,43,77,52,78,49
10:42,80,47,80,44,76,51,81,48
10:43,81,47,82,42,76,53,81,49
10:44,78,47,81,44,78,51,80,49
10:45,78,48,79,43,77,51,78,47
10:46,81,47,81,43,76,52,81,47
10:47,80,49,80,46,76,52,79,48
10:48,80,49,80,46,77,53,79,47
10:49,81,47,80,44,76,51,82,48
10:50,81,47,79,43,77,53,78,47
10:51,79,49,79,45,77,51,78,49
10:52,81,47,82,45,78,51,78,48
10:53,82,49,82,44,78,52,81,48
10:54,79,48,79,46,76,53,78,49
10:55,79,49,82,45,76,52,79,48
10:56,79,47,82,43,77,51,81,49
10:57,79,49,82,46,78,53,80,47
10:58,79,49,79,42,77,53,82,49
10:59,78,48,80,46,76,52,81,48
11:00,78,47,80,42,77,53,80,48
11:01,81,47,80,42,76,51,81,47
11:02,78,48,79,45,76,51,81,48
11:03,82,49,81,42,77,52,80,48
11:04,78,48,79,44,76,52,81,47
11:05,79,49,79,45,76,51,78,48
11:06,81,48,79,45,77,52,80,49
11:07,78,47,82,42,78,51,81,47
11:08,81,49,79,42,78,52,82,48
11:09,80,49,82,42,76,52,79,47
11:10,81,47,79,45,76,53,81,48
11:11,82,49,79,44,77,51,80,47
11:12,79,48,79,42,78,52,79,49
11:13,79,47,82,46,78,52,79,49
11:14,81,49,82,42,77,52,82,49
11:15,82,48,81,45,76,53,81,49
11:16,78,47,82,44,78,52,79,48
11:17,79,49,82,44,76,52,78,49
11:18,79,47,81,46,78,52,82,48
11:19,82,47,81,45,77,51,80,48
11:20,79,47,79,46,77,53,79,49
11:21,81,48,81,42,76,52,82,49
11:22,78,49,79,42,76,53,81,47
11:23,81,48,79,42,78,51,78,49
11:24,82,49,81,43,77,53,78,49
11:25,82,49,80,45,77,51,80,48
11:26,78,49,82,45,77,52,79,47
11:27,80,49,81,43,77,51,80,49
11:28,78,47,82,42,77,52,81,47
11:29,80,47,80,42,77,52,82,47
11:30,80,48,81,45,78,53,81,48
11:31,79,48,81,45,78,53,81,48
11:32,79,47,79,43,78,53,80,49
11:33,79,48,81,46,76,51,80,47
11:34,78,48,80,43,77,53,80,49
11:35,78,48,81,45,77,51,80,47
11:36,82,49,79,43,78,51,78,48
11:37,81,48,82,43,77,53,79,47
11:38,79,47,79,43,76,53,81,48
11:39,82,47,79,44,77,52,82,49
11:40,82,49,81,44,78,53,80,49
11:41,82,47,81,45,76,53,80,47
11:42,79,48,81,43,77,53,82,49
11:43,78,48,79,43,77,52,78,47
11:44,81,48,79,46,77,52,80,47
11:45,79,49,82,45,76,52,81,48
11:46,80,47,79,46,77,52,81,49
11:47,80,49,79,44,76,52,79,48
11:48,82,48,81,45,77,53,78,48
11:49,82,48,79,43,78,51,80,49
11:50,81,49,80,46,76,53,78,48
11:51,79,48,80,42,77,52,81,49
11:52,79,49,82,45,76,51,78,48
11:53,79,47,82,42,77,51,78,48
11:54,81,49,81,44,78,51,79,49
11:55,81,49,80,43,76,53,81,49
11:56,79,48,81,43,78,51,79,49
11:57,82,48,79,45,78,51,82,47
11:58,79,48,79,46,77,54,78,49
11:59,77,49,76,53,75,57,77,49
12:00,75,50,75,51,73,59,75,50
12:01,72,52,72,50,70,61,72,52
12:02,70,56,70,49,68,59,70,56
12:03,68,59,69,53,65,61,68,59
12:04,65,60,70,50,62,60,65,60
12:05,65,63,73,52,64,59,65,63
12:06,65,65,69,53,65,59,65,65
12:07,65,68,69,49,62,62,65,68
12:08,65,69,70,49,63,60,65,69
12:09,65,70,70,52,64,61,65,70
12:10,65,69,70,50,63,60,67,72
12:11,66,72,73,53,64,61,69,69
12:12,65,70,70,53,65,62,68,72
12:13,68,70,72,52,65,59,69,71
12:14,69,72,73,51,62,61,65,70
12:15,65,69,71,53,64,59,69,71
12:16,65,70,71,50,63,62,69,69
12:17,65,71,70,51,65,62,65,71
12:18,66,71,71,52,62,61,66,69
12:19,67,72,72,51,62,59,65,71
12:20,65,69,71,50,64,62,67,69
12:21,66,70,71,49,65,60,68,69
12:22,66,69,72,52,64,62,66,71
12:23,65,71,69,50,65,59,67,71
12:24,68,69,72,51,65,59,69,71
12:25,69,69,70,52,64,60,69,70
12:26,66,70,73,53,62,60,68,69
12:27,66,69,69,50,63,59,65,71
12:28,65,72,70,49,62,60,68,71
12:29,65,69,71,53,62,60,67,70
12:30,65,69,73,53,62,62,67,71
12:31,68,71,72,49,63,62,65,70
12:32,66,72,73,49,62,59,68,69
12:33,68,70,71,51,64,61,68,69
12:34,65,69,69,51,63,61,66,70
12:35,69,69,71,49,63,59,69,71
12:36,66,70,69,51,64,62,68,72
12:37,69,71,73,49,65,59,67,72
12:38,69,72,69,52,62,60,68,72
12:39,69,70,69,53,65,62,68,69
12:40,65,70,71,53,65,59,66,69
12:41,69,72,71,50,63,61,69,71
12:42,69,71,73,49,62,61,66,71
12:43,68,69,71,53,64,61,65,69
12:44,68,69,69,49,65,61,66,69
12:45,68,69,72,50,62,62,69,70
12:46,67,70,70,50,65,61,65,72
12:47,69,69,73,49,65,60,66,69
12:48,69,70,70,51,65,61,65,69
12:49,66,70,73,50,64,59,66,69
12:50,66,72,69,49,62,59,66,69
12:51,66,70,71,49,62,62,65,70
12:52,68,69,72,51,64,59,65,69
12:53,67,69,72,53,65,59,67,71
12:54,68,69,69,49,63,61,68,72
12:55,68,72,69,49,65,59,66,69
12:56,65,70,70,53,62,62,69,72
12:57,65,72,72,51,65,60,69,72
12:58,68,70,71,50,63,59,67,72
12:59,69,70,73,53,65,61,66,71
13:00,65,69,73,51,62,61,67,72
13:01,69,70,73,49,65,62,66,71
13:02,66,69,73,49,65,59,68,72
13:03,67,70,73,53,64,60,69,71
13:04,69,70,69,49,65,62,69,71
13:05,67,72,70,50,64,61,65,70
13:06,67,71,70,49,62,60,67,71
13:07,69,70,72,49,63,62,65,71
13:08,65,69,70,51,64,60,67,72
13:09,67,70,70,49,62,60,66,71
13:10,65,72,71,50,63,61,66,70
13:11,68,70,72,51,62,62,65,69
13:12,69,71,71,52,64,60,67,69
13:13,68,71,73,49,62,62,66,72
13:14,65,69,72,52,64,61,65,71
13:15,68,70,71,53,64,61,66,70
13:16,66,72,71,53,62,59,66,69
13:17,66,72,71,49,62,61,68,71
13:18,65,70,73,53,65,62,67,71
13:19,66,69,73,51,64,62,69,72
13:20,68,72,69,49,65,62,66,71
13:21,66,72,69,50,62,62,66,72
13:22,65,72,69,50,64,59,68,71
13:23,66,69,69,49,62,60,67,72
13:24,67,70,72,51,65,60,68,70
13:25,68,70,73,49,63,62,65,69
13:26,65,70,69,52,65,61,68,70
13:27,66,72,72,51,62,59,67,70
13:28,67,69,69,51,63,61,65,69
13:29,67,69,73,50,63,61,69,70
13:30,69,70,70,53,64,62,67,69
13:31,65,70,70,50,63,59,69,70
13:32,68,72,73,51,62,61,69,70
13:33,67,71,71,50,65,61,67,70
13:34,65,69,69,52,64,62,66,69
13:35,68,71,71,53,65,59,68,71
13:36,67,70,73,53,65,60,68,70
13:37,68,71,69,49,62,62,66,70
13:38,66,69,69,51,62,61,69,70
13:39,68,71,72,51,65,61,66,70
13:40,68,70,72,53,65,60,69,72
13:41,69,72,71,49,63,61,67,71
13:42,68,70,69,49,63,59,67,72
13:43,68,72,72,52,64,61,67,71
13:44,65,72,71,49,62,62,66,72
13:45,66,72,69,52,65,62,66,69
13:46,67,70,73,52,63,60,67,72
13:47,66,69,73,49,62,60,67,70
13:48,66,70,71,50,63,62,66,71
13:49,65,70,69,51,65,60,67,70
13:50,67,69,70,50,63,62,66,72
13:51,66,70,72,53,62,61,67,69
13:52,65,69,72,52,65,59,65,70
13:53,68,72,70,50,65,61,68,70
13:54,68,72,71,49,64,60,65,72
13:55,65,69,71,52,62,59,65,72
13:56,66,71,73,53,63,59,68,69
13:57,67,70,71,49,63,59,66,72
13:58,68,71,70,49,62,59,65,72
13:59,66,69,73,50,64,61,69,72
14:00,68,71,71,53,65,59,66,69
14:01,66,72,72,49,62,60,66,72
14:02,65,70,72,51,65,61,66,71
14:03,66,69,71,51,65,59,66,72
14:04,69,69,71,50,63,62,68,70
14:05,68,72,70,52,63,60,65,72
14:06,66,69,71,52,65,60,69,71
14:07,67,72,72,53,64,62,68,71
14:08,65,71,70,49,65,60,65,69
14:09,65,72,71,51,63,60,67,70
14:10,66,69,70,53,65,60,68,71
14:11,68,70,69,53,62,62,69,70
14:12,68,69,72,52,63,62,69,72
14:13,65,72,69,53,63,60,69,72
14:14,67,70,69,51,64,59,69,69
14:15,65,70,73,49,63,60,66,72
14:16,68,70,73,51,63,59,69,71
14:17,67,71,73,49,63,62,69,70
14:18,68,71,71,49,63,62,66,71
14:19,66,69,73,50,63,61,65,69
14:20,69,70,71,51,63,60,69,71
14:21,66,72,72,49,64,61,68,72
14:22,67,69,71,51,62,62,67,71
14:23,66,71,70,52,62,60,68,69
14:24,69,72,71,49,65,61,67,72
14:25,66,70,69,51,64,62,66,69
14:26,67,72,72,51,63,61,69,72
14:27,66,71,73,52,65,60,69,71
14:28,68,71,71,52,65,59,65,70
14:29,69,72,73,51,63,59,65,72
14:30,66,70,72,53,64,62,68,70
14:31,69,72,72,49,62,61,69,72
14:32,67,72,70,49,64,60,67,72
14:33,68,70,69,49,62,59,66,69
14:34,69,69,73,52,64,60,69,69
14:35,67,70,69,50,63,59,69,70
14:36,65,69,70,50,63,59,65,70
14:37,66,71,71,49,64,60,69,71
14:38,65,71,73,51,62,62,68,72
14:39,66,70,71,50,65,59,66,69
14:40,69,70,71,49,63,62,66,70
14:41,69,69,69,52,63,62,67,69
14:42,65,69,73,49,65,59,68,70
14:43,65,70,72,51,63,62,67,72
14:44,66,72,69,51,63,62,68,71
14:45,66,71,71,50,64,62,68,72
14:46,66,72,73,51,64,62,67,72
14:47,66,72,72,52,64,62,67,71
14:48,68,70,70,49,64,59,65,69
14:49,67,71,72,50,63,59,68,71
14:50,66,69,72,49,64,62,68,71
14:51,68,71,71,51,62,59,65,69
14:52,66,70,69,53,64,60,69,72
14:53,67,70,69,50,64,61,68,70
14:54,66,72,73,50,63,59,68,70
14:55,65,69,71,52,63,61,68,70
14:56,69,71,69,49,65,62,66,71
14:57,67,69,70,51,62,59,65,71
14:58,69,72,70,53,62,59,69,71
14:59,68,71,71,53,65,61,66,69
15:00,67,69,72,52,64,62,69,71
15:01,65,72,70,51,64,61,68,70
15:02,67,69,71,49,63,62,66,72
15:03,68,70,72,50,64,60,67,71
15:04,67,71,70,49,62,59,66,72
15:05,66,69,71,50,63,61,69,72
15:06,68,72,71,52,63,62,65,69
15:07,68,69,69,51,63,62,66,70
15:08,65,70,72,52,63,60,68,70
15:09,65,71,73,51,65,61,66,69
15:10,68,72,73,52,63,60,67,70
15:11,66,70,70,53,62,60,68,69
15:12,68,70,71,53,62,60,68,69
15:13,66,71,73,52,63,62,65,70
15:14,66,71,69,50,62,59,69,71
15:15,66,71,71,51,63,62,69,69
15:16,67,70,70,51,65,61,68,72
15:17,66,72,71,50,65,61,67,72
15:18,68,69,70,51,64,62,66,70
15:19,69,70,72,53,63,62,69,70
15:20,69,69,69,49,65,60,66,72
15:21,66,69,71,50,63,59,66,69
15:22,68,71,70,50,64,59,65,71
15:23,67,69,70,51,65,62,69,69
15:24,66,72,71,53,64,62,67,69
15:25,68,71,69,51,63,61,67,69
15:26,69,70,72,51,62,60,68,71
15:27,66,69,73,51,64,61,69,71
15:28,65,70,69,50,62,59,69,69
15:29,66,69,73,53,64,62,69,71
15:30,68,69,71,50,64,61,69,69
15:31,68,71,73,49,62,59,66,72
15:32,67,70,73,52,64,59,65,71
15:33,67,71,73,53,62,61,69,71
15:34,65,69,72,53,65,60,68,71
15:35,68,70,71,50,62,62,69,72
15:36,69,71,72,53,63,61,67,70
15:37,67,69,69,51,63,60,67,70
15:38,65,70,69,51,63,62,68,72
15:39,66,71,72,53,64,60,67,69
15:40,68,69,72,50,64,60,69,72
15:41,67,69,69,50,65,59,68,71
15:42,69,69,71,52,64,61,67,70
15:43,68,70,71,50,64,60,67,70
15:44,67,69,72,49,64,61,65,69
15:45,66,69,69,52,62,60,66,69
15:46,69,72,70,52,62,60,66,71
15:47,67,71,73,53,65,62,68,69
15:48,66,70,70,52,62,59,67,70
15:49,69,71,72,53,62,60,67,72
15:50,69,70,72,51,65,61,65,70
15:51,66,71,69,51,62,62,66,70
15:52,67,70,72,52,64,60,69,70
15:53,68,71,72,49,65,61,69,70
15:54,69,70,70,51,62,62,65,72
15:55,65,71,70,51,64,62,66,72
15:56,65,72,72,50,62,60,68,72
15:57,66,72,73,51,63,61,65,69
15:58,66,71,69,53,65,62,68,70
15:59,66,72,69,51,62,60,67,71
16:00,65,69,72,49,65,61,69,70
16:01,69,72,69,51,63,60,68,71
16:02,69,71,72,50,64,59,69,71
16:03,65,72,69,52,63,62,66,71
16:04,68,70,71,52,63,62,66,71
16:05,66,69,71,50,65,59,67,72
16:06,68,69,70,50,62,61,65,70
16:07,65,72,72,51,65,61,68,72
16:08,67,72,69,53,63,60,67,70
16:09,66,70,72,52,65,59,67,71
16:10,65,70,70,53,62,60,66,72
16:11,66,70,71,51,64,62,65,71
16:12,65,72,71,51,64,61,69,72
16:13,69,72,70,51,65,62,65,72
16:14,66,70,71,49,63,59,66,70
16:15,69,71,72,50,62,60,66,71
16:16,69,71,71,52,65,61,68,70
16:17,69,69,71,49,64,61,65,69
16:18,68,71,73,49,64,60,65,72
16:19,67,70,72,53,62,62,68,70
16:20,65,69,69,52,62,60,67,69
16:21,65,72,73,53,62,62,65,72
16:22,68,71,71,51,65,60,68,72
16:23,67,70,70,51,65,61,67,70
16:24,69,70,70,52,62,61,68,70
16:25,67,71,73,50,62,59,67,71
16:26,65,71,70,53,65,59,67,70
16:27,65,69,69,49,64,60,67,70
16:28,66,69,69,51,62,62,67,71
16:29,66,69,72,51,62,61,65,69
16:30,66,70,71,53,63,59,67,69
16:31,67,70,69,49,65,59,66,71
16:32,69,71,72,52,65,61,68,72
16:33,65,70,69,52,65,61,65,70
16:34,66,72,70,51,63,61,67,69
16:35,65,70,71,50,62,59,67,72
16:36,68,71,71,49,63,62,69,72
16:37,65,71,71,52,63,61,65,71
16:38,69,70,73,49,64,60,66,69
16:39,68,69,70,51,62,59,66,70
16:40,65,71,73,52,62,60,69,70
16:41,68,70,70,53,63,59,66,69
16:42,68,70,73,50,63,61,65,70
16:43,67,71,73,49,63,61,66,72
16:44,68,69,72,50,62,61,66,72
16:45,69,72,72,53,63,60,66,70
16:46,68,71,70,51,64,61,66,72
16:47,69,70,71,51,64,59,65,69
16:48,66,72,70,51,62,60,68,72
16:49,69,70,71,53,64,60,67,71
16:50,69,70,72,50,65,62,67,70
16:51,67,70,70,52,62,59,69,70
16:52,67,70,72,53,62,59,65,72
16:53,67,69,73,53,62,62,68,69
16:54,67,70,71,51,63,60,65,69
16:55,69,70,72,53,65,62,68,71
16:56,67,72,69,52,64,60,69,69
16:57,68,71,73,50,65,60,67,70
16:58,66,72,69,50,62,62,66,72
16:59,69,69,70,52,65,59,66,72
17:00,66,72,69,50,63,62,65,70
17:01,68,72,69,50,63,60,69,70
17:02,68,70,69,51,65,60,66,71
17:03,68,69,69,51,64,59,66,69
17:04,66,71,72,51,64,59,68,69
17:05,68,71,73,51,65,62,67,70
17:06,69,71,69,52,63,60,69,70
17:07,67,70,71,53,64,59,68,71
17:08,67,70,71,50,63,61,67,69
17:09,67,71,72,51,63,61,67,72
17:10,65,69,69,50,64,62,66,69
17:11,68,69,69,53,63,61,69,71
17:12,69,70,70,52,62,59,69,69
17:13,67,70,73,50,65,60,65,72
17:14,65,71,69,49,62,61,65,70
17:15,67,72,72,49,63,59,69,70
17:16,65,69,71,52,62,59,67,69
17:17,67,69,73,49,65,60,68,72
17:18,68,69,73,51,63,59,67,70
17:19,68,71,69,50,62,61,66,71
17:20,68,71,71,49,65,62,67,71
17:21,65,71,71,51,64,62,69,69
17:22,66,72,71,53,64,59,66,71
17:23,65,70,73,52,62,62,66,69
17:24,66,70,73,49,65,61,67,72
17:25,67,70,69,50,62,61,67,71
17:26,66,70,69,53,65,60,65,69
17:27,66,69,72,52,63,61,68,70
17:28,67,72,73,51,65,59,69,69
17:29,67,71,70,52,65,62,68,71
17:30,65,70,71,53,62,60,68,70
17:31,68,71,69,52,62,59,69,70
17:32,69,71,73,49,63,60,66,69
17:33,69,69,72,53,63,62,66,69
17:34,65,70,71,51,63,59,67,72
17:35,68,69,69,51,65,59,69,71
17:36,68,71,70,51,65,62,67,69
17:37,67,70,71,53,62,60,66,72
17:38,66,69,69,51,65,60,68,71
17:39,66,71,69,49,62,60,68,71
17:40,69,70,72,52,62,59,67,69
17:41,65,72,71,49,62,60,68,69
17:42,69,72,72,50,65,61,66,72
17:43,69,69,73,49,62,61,66,69
17:44,68,72,72,49,64,59,66,70
17:45,67,69,73,52,63,60,68,72
17:46,67,69,69,50,63,59,68,71
17:47,66,69,70,53,65,60,68,69
17:48,68,69,73,53,63,62,65,72
17:49,66,70,69,51,65,62,68,71
17:50,69,72,72,49,65,62,69,72
17:51,69,71,70,50,64,60,66,69
17:52,65,71,70,53,63,62,66,71
17:53,67,70,70,53,63,60,66,72
17:54,66,71,72,52,62,62,66,70
17:55,69,71,69,49,65,60,67,71
17:56,69,72,69,53,65,61,66,71
17:57,69,71,70,49,64,61,65,69
17:58,67,71,71,51,62,60,65,70
17:59,69,69,73,48,65,56,69,69
18:00,70,67,75,49,68,55,70,67
18:01,72,65,73,47,70,55,70,65
18:02,73,62,73,45,70,55,70,62
18:03,72,59,75,43,70,57,70,59
18:04,70,56,73,46,71,56,71,56
18:05,70,53,74,44,71,56,71,53
18:06,72,52,75,45,70,56,70,52
18:07,70,53,74,44,71,54,71,51
18:08,73,54,73,46,68,57,70,53
18:09,73,52,73,45,71,56,73,51
18:10,71,54,75,46,70,54,73,52
18:11,73,52,75,45,69,54,73,51
18:12,73,52,74,46,71,56,71,54
18:13,72,53,73,45,68,54,71,51
18:14,72,54,74,45,71,56,70,51
18:15,70,54,73,45,69,54,73,52
18:16,71,52,73,45,69,55,72,54
18:17,71,53,75,45,70,57,73,51
18:18,71,51,73,46,69,57,73,54
18:19,72,53,75,44,70,57,72,51
18:20,71,54,75,44,71,56,70,54
18:21,72,53,75,46,71,55,72,51
18:22,72,52,74,44,68,56,73,54
18:23,73,53,74,44,71,57,73,51
18:24,70,53,74,43,69,55,71,53
18:25,73,53,74,44,69,56,72,52
18:26,72,53,74,45,68,56,71,51
18:27,70,51,73,44,70,54,72,51
18:28,73,53,75,44,69,54,72,52
18:29,72,54,73,44,69,56,71,54
18:30,73,53,73,45,69,55,73,51
18:31,71,51,74,43,70,54,70,52
18:32,71,51,74,43,70,54,72,54
18:33,71,53,75,46,68,54,70,53
18:34,73,52,73,45,71,57,73,54
18:35,72,51,75,45,71,57,71,52
18:36,70,51,75,43,71,56,71,53
18:37,71,53,75,45,69,55,73,54
18:38,73,53,74,43,70,55,70,51
18:39,70,52,73,44,68,56,70,53
18:40,71,51,73,46,69,55,70,54
18:41,72,51,73,43,71,56,73,51
18:42,73,52,75,45,69,55,70,51
18:43,73,52,73,45,71,57,73,53
18:44,73,54,75,44,69,57,71,54
18:45,70,54,75,45,71,54,70,52
18:46,71,54,73,44,69,54,70,54
18:47,73,52,74,43,68,57,71,51
18:48,71,54,74,43,71,56,71,51
18:49,73,54,75,45,71,57,70,51
18:50,73,53,75,46,70,55,72,53
18:51,70,51,75,45,71,55,72,53
18:52,72,53,73,44,68,57,70,51
18:53,71,52,73,46,71,57,71,51
18:54,71,51,73,44,69,54,70,51
18:55,72,51,75,43,69,54,70,52
18:56,72,52,75,43,68,57,70,51
18:57,73,52,75,45,68,55,71,51
18:58,73,53,73,45,71,56,72,52
18:59,70,54,73,43,68,56,71,53
19:00,70,53,73,44,71,55,73,53
19:01,70,52,75,46,69,55,70,54
19:02,72,52,74,46,70,55,70,54
19:03,71,52,73,43,69,56,73,54
19:04,70,54,73,45,70,57,70,54
19:05,70,53,73,43,71,54,71,52
19:06,72,51,74,43,68,55,72,52
19:07,70,54,75,44,68,54,71,53
19:08,73,54,75,44,70,57,73,54
19:09,71,52,74,46,70,55,71,51
19:10,73,54,74,44,68,55,70,51
19:11,72,53,73,46,70,54,70,51
19:12,71,51,74,44,71,54,73,52
19:13,71,54,75,44,68,55,70,54
19:14,71,52,73,43,68,55,73,53
19:15,70,52,74,45,68,54,70,54
19:16,71,53,73,46,69,57,70,52
19:17,73,52,73,45,70,57,73,52
19:18,71,54,73,43,68,55,73,54
19:19,72,52,75,43,71,56,70,52
19:20,70,51,73,43,70,57,70,52
19:21,70,51,74,46,70,56,73,54
19:22,72,51,73,43,68,57,73,51
19:23,71,54,74,45,70,55,70,53
19:24,73,54,75,45,69,56,73,51
19:25,73,53,74,45,70,54,70,52
19:26,72,51,75,44,71,55,72,54
19:27,71,52,73,45,70,57,71,51
19:28,72,54,74,45,71,56,73,54
19:29,72,53,73,46,68,57,73,51
19:30,71,51,75,43,71,54,73,51
19:31,71,54,73,46,70,54,70,53
19:32,71,54,74,46,70,57,72,51
19:33,72,51,75,44,71,55,70,54
19:34,73,52,75,43,68,56,70,54
19:35,73,54,73,46,69,57,73,52
19:36,72,51,73,43,69,56,73,52
19:37,73,53,73,45,68,56,70,52
19:38,73,51,75,43,68,55,72,51
19:39,73,53,75,46,70,54,70,53
19:40,73,54,75,45,70,54,72,53
19:41,73,54,73,43,71,56,73,54
19:42,71,54,74,46,69,57,71,54
19:43,72,51,73,45,71,56,72,53
19:44,73,54,74,45,68,57,71,53
19:45,73,51,73,44,71,57,73,53
19:46,71,51,73,44,71,54,70,53
19:47,73,54,74,45,69,57,72,53
19:48,73,53,73,43,69,54,70,52
19:49,72,52,73,46,69,55,70,51
19:50,72,54,73,45,70,57,71,52
19:51,70,52,74,46,70,56,71,52
19:52,70,53,75,45,71,56,70,52
19:53,71,52,74,46,69,54,70,52
19:54,72,53,75,44,69,55,71,54
19:55,72,51,75,43,68,57,71,54
19:56,72,54,74,44,70,56,73,51
19:57,70,54,75,45,71,57,70,54
19:58,70,54,74,46,71,54,73,53
19:59,70,54,75,43,68,56,72,52
20:00,72,54,74,43,71,56,71,51
20:01,70,54,75,44,70,54,72,53
20:02,72,51,73,44,70,54,72,52
20:03,71,52,73,45,70,56,71,51
20:04,72,54,74,45,69,57,71,52
20:05,70,54,73,46,70,54,72,52
20:06,73,54,74,43,69,57,72,51
20:07,70,51,74,44,71,55,73,53
20:08,71,51,75,45,71,55,73,53
20:09,70,52,75,44,68,57,71,54
20:10,70,53,75,44,71,54,72,53
20:11,70,53,73,43,68,57,72,51
20:12,70,54,75,43,70,54,73,52
20:13,70,54,75,45,70,54,73,54
20:14,72,53,74,43,69,56,71,54
20:15,71,53,74,45,69,54,72,53
20:16,71,53,73,46,71,56,72,52
20:17,70,51,75,44,70,54,72,53
20:18,71,54,74,43,70,55,71,52
20:19,73,52,75,46,68,57,72,53
20:20,72,52,74,46,71,57,72,53
20:21,73,54,73,45,71,55,70,52
20:22,71,51,73,43,70,54,72,53
20:23,70,52,74,44,69,54,72,53
20:24,71,51,73,45,68,54,70,52
20:25,70,52,73,45,71,57,73,51
20:26,70,53,74,44,68,55,70,54
20:27,71,52,73,46,71,55,73,51
20:28,73,54,73,43,69,57,73,52
20:29,70,51,73,43,70,56,73,52
20:30,73,54,73,45,71,55,70,52
20:31,73,51,73,43,68,56,71,54
20:32,70,52,75,44,68,57,71,53
20:33,70,51,75,43,71,54,70,54
20:34,72,54,75,44,68,57,70,54
20:35,70,52,74,43,70,55,70,52
20:36,70,52,75,46,70,57,72,53
20:37,72,52,75,44,71,55,71,51
20:38,71,52,75,43,71,55,71,53
20:39,70,51,75,45,70,56,73,54
20:40,70,51,75,44,70,57,72,54
20:41,71,53,75,45,70,54,71,54
20:42,71,54,74,43,68,54,71,52
20:43,72,51,75,46,69,57,72,53
20:44,72,54,73,43,71,57,70,53
20:45,72,54,74,45,68,55,70,51
20:46,71,52,73,44,68,54,70,54
20:47,72,51,75,45,68,56,73,51
20:48,72,52,75,45,71,54,70,51
20:49,73,52,74,45,71,55,71,54
20:50,71,52,74,45,71,56,73,52
20:51,70,51,75,44,68,54,72,54
20:52,72,52,75,43,68,56,73,51
20:53,70,54,73,45,71,54,73,53
20:54,72,53,73,43,71,54,70,51
20:55,71,54,73,44,69,57,72,51
20:56,73,53,75,46,68,54,71,52
20:57,70,54,75,44,68,54,71,51
20:58,70,51,75,46,71,55,73,53
20:59,71,52,75,44,68,55,70,54
21:00,72,52,73,44,70,56,71,53
21:01,71,54,73,44,68,54,73,52
21:02,71,52,75,45,70,54,70,53
21:03,71,51,73,45,68,56,70,51
21:04,72,52,75,45,71,57,71,51
21:05,72,53,74,46,71,57,72,54
21:06,70,54,74,43,70,57,72,51
21:07,72,51,74,46,71,56,71,51
21:08,73,53,73,43,71,55,70,54
21:09,73,51,73,45,70,55,73,51
21:10,71,52,74,43,71,55,72,51
21:11,73,54,75,43,70,55,71,51
21:12,72,53,73,44,71,54,71,52
21:13,72,53,74,44,70,56,72,52
21:14,72,51,75,44,69,56,72,53
21:15,71,51,73,46,71,55,70,52
21:16,72,53,75,45,68,57,71,54
21:17,70,54,73,43,68,54,72,53
21:18,73,51,74,46,69,57,72,51
21:19,72,53,75,44,69,54,72,51
21:20,73,53,75,46,68,55,70,54
21:21,70,54,75,43,68,54,73,53
21:22,73,53,73,44,71,57,72,54
21:23,72,52,75,43,68,56,72,52
21:24,71,54,74,43,69,55,72,51
21:25,70,51,74,45,71,55,70,53
21:26,71,54,75,46,69,57,70,54
21:27,73,53,75,44,68,57,70,54
21:28,72,54,73,46,70,56,72,54
21:29,72,51,73,45,70,55,70,51
21:30,71,53,74,45,69,56,70,53
21:31,70,52,73,43,70,55,70,53
21:32,70,52,73,44,68,56,71,51
21:33,72,54,73,43,70,55,70,52
21:34,71,51,75,43,70,56,71,52
21:35,70,51,73,46,68,56,72,53
21:36,73,52,74,44,69,55,72,51
21:37,73,52,73,44,71,55,73,51
21:38,73,53,75,43,69,54,70,54
21:39,73,51,73,43,70,55,73,52
21:40,73,54,73,46,69,56,73,51
21:41,72,52,75,45,71,54,71,51
21:42,72,54,73,43,71,57,70,52
21:43,70,51,73,46,71,56,71,51
21:44,73,53,74,46,71,57,72,51
21:45,71,54,73,44,71,57,72,52
21:46,71,54,75,46,68,55,72,51
21:47,73,53,75,43,69,57,71,53
21:48,71,54,75,43,71,56,72,53
21:49,73,53,74,44,70,57,72,51
21:50,72,52,75,44,69,55,73,52
21:51,72,51,74,44,71,57,72,53
21:52,70,53,74,44,69,56,71,54
21:53,72,52,74,46,71,55,72,52
21:54,72,51,74,44,70,55,72,54
21:55,70,52,73,44,69,55,71,54
21:56,72,53,73,46,71,54,73,51
21:57,70,52,75,43,68,55,73,54
21:58,73,54,75,45,68,54,71,53
21:59,71,54,75,44,70,55,72,54
22:00,73,51,74,44,69,57,70,52
22:01,70,51,75,44,68,54,73,51
22:02,73,54,75,44,69,55,72,54
22:03,72,53,73,46,69,57,72,54
22:04,73,53,73,44,70,54,73,53
22:05,72,54,75,46,69,56,70,53
22:06,70,53,75,45,68,56,72,52
22:07,73,53,75,43,68,55,71,51
22:08,70,54,75,45,71,56,71,52
22:09,73,54,73,45,70,54,70,51
22:10,72,51,74,44,70,54,72,52
22:11,70,51,75,46,68,54,72,54
22:12,71,52,74,46,68,54,71,51
22:13,71,54,73,43,68,55,71,53
22:14,71,54,74,46,70,54,70,54
22:15,71,53,75,43,71,54,72,52
22:16,71,54,73,43,71,56,70,53
22:17,70,54,73,45,70,54,71,52
22:18,70,54,74,45,71,56,70,53
22:19,70,52,74,43,68,55,73,51
22:20,72,51,75,46,71,56,73,53
22:21,73,54,74,45,69,56,72,52
22:22,70,53,74,46,70,57,71,54
22:23,72,51,73,45,70,55,72,54
22:24,71,51,75,43,68,54,70,51
22:25,71,52,74,45,70,57,70,52
22:26,73,52,74,43,71,57,71,52
22:27,70,51,74,45,71,57,70,51
22:28,72,51,74,44,69,55,73,54
22:29,73,51,75,43,71,54,73,53
22:30,72,54,73,45,68,55,70,51
22:31,70,51,75,44,70,56,71,53
22:32,71,54,74,45,70,56,70,52
22:33,71,52,74,43,68,55,70,51
22:34,71,51,73,45,71,56,72,51
22:35,73,51,75,46,69,57,73,53
22:36,70,52,74,43,71,57,71,54
22:37,71,54,75,43,68,55,70,52
22:38,72,53,73,45,70,54,72,54
22:39,73,54,73,46,70,54,71,53
22:40,70,52,74,43,69,56,71,52
22:41,72,52,73,43,68,55,71,52
22:42,71,52,73,46,71,57,71,53
22:43,70,51,74,43,69,56,71,51
22:44,73,54,75,44,71,57,72,53
22:45,73,52,73,43,69,54,70,53
22:46,71,53,74,43,68,57,72,53
22:47,73,51,73,44,71,56,71,54
22:48,71,54,74,45,71,54,72,54
22:49,73,51,74,45,69,56,70,54
22:50,71,51,74,44,68,56,72,51
22:51,73,54,75,45,70,54,71,51
22:52,70,51,74,45,70,56,70,53
22:53,72,52,74,45,68,57,72,54
22:54,71,54,75,43,71,54,71,52
22:55,70,51,73,44,70,57,70,54
22:56,70,53,75,43,68,54,70,54
22:57,71,51,75,44,70,54,70,51
22:58,72,52,74,43,68,57,70,51
22:59,72,52,75,46,71,55,73,54
23:00,73,54,73,46,71,57,72,51
23:01,72,51,73,45,68,54,73,51
23:02,70,52,73,45,70,54,73,51
23:03,70,54,73,44,69,56,71,54
23:04,72,52,73,45,68,56,72,54
23:05,70,51,73,46,68,56,73,54
23:06,73,52,73,43,71,57,70,54
23:07,70,51,75,46,70,57,72,53
23:08,72,54,73,46,68,56,70,54
23:09,72,52,73,44,70,54,73,53
23:10,70,52,73,45,70,54,71,52
23:11,70,53,74,44,70,56,72,51
23:12,71,51,75,45,70,57,71,54
23:13,72,52,73,44,68,56,71,53
23:14,73,51,74,46,70,57,71,52
23:15,70,51,73,46,70,56,71,52
23:16,71,53,73,46,68,56,73,53
23:17,73,52,73,45,70,55,73,52
23:18,71,51,73,43,69,57,73,51
23:19,70,53,74,45,68,56,73,53
23:20,70,53,74,45,68,57,72,54
23:21,73,54,74,45,71,56,71,52
23:22,71,52,73,44,68,56,72,54
23:23,72,54,74,43,69,54,72,53
23:24,73,53,75,45,71,55,72,54
23:25,73,53,74,43,69,55,73,52
23:26,70,52,74,46,71,55,71,54
23:27,70,53,74,46,71,55,73,52
23:28,71,52,74,46,70,57,71,53
23:29,72,52,74,43,69,56,73,52
23:30,70,52,74,45,71,54,73,53
23:31,73,52,75,43,70,55,73,54
23:32,73,53,73,46,71,54,72,52
23:33,70,54,73,46,69,54,72,53
23:34,70,52,73,45,68,55,71,54
23:35,72,52,75,45,70,57,73,52
23:36,70,52,74,46,71,55,70,52
23:37,70,52,75,45,71,57,71,53
23:38,72,52,73,43,71,56,71,52
23:39,71,52,73,44,71,55,70,51
23:40,73,51,73,45,71,55,72,53
23:41,72,53,75,46,68,55,70,53
23:42,73,54,73,46,69,55,70,54
23:43,70,54,75,43,71,55,72,54
23:44,73,51,73,46,71,54,72,52
23:45,71,54,74,43,69,55,71,53
23:46,70,53,75,44,71,54,72,54
23:47,70,54,75,45,71,54,71,53
23:48,72,54,74,44,68,56,73,51
23:49,70,52,75,44,68,55,72,52
23:50,70,53,75,46,69,54,72,54
23:51,71,51,75,43,68,57,70,54
23:52,72,54,74,45,71,56,73,51
23:53,73,54,75,44,68,55,71,53
23:54,73,51,75,44,71,54,72,54
23:55,71,52,74,43,71,54,72,53
23:56,71,53,75,43,69,56,70,53
23:57,72,54,75,45,70,56,70,54
23:58,73,52,74,44,70,57,73,52
23:59,71,53,74,46,71,54,73,52
